<?xml version="1.0" encoding="UTF-8" ?>
<viper xmlns="http://lamp.cfar.umd.edu/viper#" xmlns:data="http://lamp.cfar.umd.edu/viperdata#">
<config>
<descriptor name="Information" type="FILE">
<attribute dynamic="false" name="SOURCETYPE" type="http://lamp.cfar.umd.edu/viperdata#lvalue">
<data:lvalue-possibles>
<data:lvalue-enum value="SEQUENCE" /> 
<data:lvalue-enum value="FRAMES" /> 
</data:lvalue-possibles>
</attribute>
<attribute dynamic="false" name="NUMFRAMES" type="http://lamp.cfar.umd.edu/viperdata#dvalue" /> 
<attribute dynamic="false" name="FRAMERATE" type="http://lamp.cfar.umd.edu/viperdata#fvalue" /> 
<attribute dynamic="false" name="H-FRAME-SIZE" type="http://lamp.cfar.umd.edu/viperdata#dvalue" /> 
<attribute dynamic="false" name="V-FRAME-SIZE" type="http://lamp.cfar.umd.edu/viperdata#dvalue" /> 
</descriptor>
<descriptor name="PutObject" type="OBJECT">
<attribute dynamic="false" name="BoundingBox" type="http://lamp.cfar.umd.edu/viperdata#bbox" /> 
</descriptor>
<descriptor name="AbandonedObject" type="OBJECT">
<attribute dynamic="false" name="BoundingBox" type="http://lamp.cfar.umd.edu/viperdata#bbox" /> 
</descriptor>
<descriptor name="StolenObject" type="OBJECT">
<attribute dynamic="false" name="BoundingBox" type="http://lamp.cfar.umd.edu/viperdata#bbox" /> 
</descriptor>
</config>
<data>
<sourcefile filename="">
<file id="0" name="Information">
<attribute name="SOURCETYPE"> 
<data:lvalue value="SEQUENCE"/> 
</attribute>
<attribute name="NUMFRAMES">
<data:dvalue value="4834" /> 
</attribute>
<attribute name="FRAMERATE">
<data:fvalue value="30.0" /> 
</attribute>
<attribute name="H-FRAME-SIZE" > 
<data:dvalue value="720" /> 
</attribute>
<attribute name="V-FRAME-SIZE" > 
<data:dvalue value="576" /> 
</attribute>
</file>
<object framespan="2779:3442" id="18" name="AbandonedObject">
<attribute name="BoundingBox">
<data:bbox height="23" width="35" x="299" y="149"/> 
</attribute>
</object>
<object framespan="1172:1388" id="0" name="AbandonedObject">
<attribute name="BoundingBox">
<data:bbox height="28" width="37" x="536" y="40"/> 
</attribute>
</object>
<object framespan="1441:1643" id="2" name="AbandonedObject">
<attribute name="BoundingBox">
<data:bbox height="55" width="43" x="520" y="194"/> 
</attribute>
</object>
<object framespan="1441:1644" id="3" name="AbandonedObject">
<attribute name="BoundingBox">
<data:bbox height="38" width="29" x="569" y="208"/> 
</attribute>
</object>
<object framespan="1441:1654" id="1" name="AbandonedObject">
<attribute name="BoundingBox">
<data:bbox height="112" width="33" x="360" y="147"/> 
</attribute>
</object>
<object framespan="1772:2007" id="8" name="AbandonedObject">
<attribute name="BoundingBox">
<data:bbox height="67" width="70" x="513" y="245"/> 
</attribute>
</object>
<object framespan="1787:2008" id="11" name="AbandonedObject">
<attribute name="BoundingBox">
<data:bbox height="82" width="52" x="522" y="328"/> 
</attribute>
</object>
<object framespan="1787:2018" id="10" name="AbandonedObject">
<attribute name="BoundingBox">
<data:bbox height="28" width="35" x="467" y="280"/> 
</attribute>
</object>
<object framespan="2128:2355" id="16" name="AbandonedObject">
<attribute name="BoundingBox">
<data:bbox height="160" width="65" x="388" y="144"/> 
</attribute>
</object>
<object framespan="2154:2361" id="17" name="AbandonedObject">
<attribute name="BoundingBox">
<data:bbox height="22" width="35" x="580" y="320"/> 
</attribute>
</object>
</sourcefile>
</data>
</viper>
