<?xml version="1.0" encoding="UTF-8" ?>
<viper xmlns="http://lamp.cfar.umd.edu/viper#" xmlns:data="http://lamp.cfar.umd.edu/viperdata#">
<config>
<descriptor name="Information" type="FILE">
<attribute dynamic="false" name="SOURCETYPE" type="http://lamp.cfar.umd.edu/viperdata#lvalue">
<data:lvalue-possibles>
<data:lvalue-enum value="SEQUENCE" /> 
<data:lvalue-enum value="FRAMES" /> 
</data:lvalue-possibles>
</attribute>
<attribute dynamic="false" name="NUMFRAMES" type="http://lamp.cfar.umd.edu/viperdata#dvalue" /> 
<attribute dynamic="false" name="FRAMERATE" type="http://lamp.cfar.umd.edu/viperdata#fvalue" /> 
<attribute dynamic="false" name="H-FRAME-SIZE" type="http://lamp.cfar.umd.edu/viperdata#dvalue" /> 
<attribute dynamic="false" name="V-FRAME-SIZE" type="http://lamp.cfar.umd.edu/viperdata#dvalue" /> 
</descriptor>
<descriptor name="PutObject" type="OBJECT">
<attribute dynamic="false" name="BoundingBox" type="http://lamp.cfar.umd.edu/viperdata#bbox" /> 
</descriptor>
<descriptor name="AbandonedObject" type="OBJECT">
<attribute dynamic="false" name="BoundingBox" type="http://lamp.cfar.umd.edu/viperdata#bbox" /> 
</descriptor>
<descriptor name="StolenObject" type="OBJECT">
<attribute dynamic="false" name="BoundingBox" type="http://lamp.cfar.umd.edu/viperdata#bbox" /> 
</descriptor>
</config>
<data>
<sourcefile filename="">
<file id="0" name="Information">
<attribute name="SOURCETYPE"> 
<data:lvalue value="SEQUENCE"/> 
</attribute>
<attribute name="NUMFRAMES">
<data:dvalue value="5311" /> 
</attribute>
<attribute name="FRAMERATE">
<data:fvalue value="25.0" /> 
</attribute>
<attribute name="H-FRAME-SIZE" > 
<data:dvalue value="720" /> 
</attribute>
<attribute name="V-FRAME-SIZE" > 
<data:dvalue value="576" /> 
</attribute>
</file>
<object framespan="4604:4894" id="29" name="AbandonedObject">
<attribute name="BoundingBox">
<data:bbox height="12" width="9" x="508" y="96"/> 
</attribute>
</object>
<object framespan="1028:1230" id="0" name="AbandonedObject">
<attribute name="BoundingBox">
<data:bbox height="27" width="12" x="199" y="152"/> 
</attribute>
</object>
<object framespan="1028:1231" id="1" name="AbandonedObject">
<attribute name="BoundingBox">
<data:bbox height="24" width="18" x="162" y="190"/> 
</attribute>
</object>
<object framespan="1750:2004" id="2" name="AbandonedObject">
<attribute name="BoundingBox">
<data:bbox height="74" width="25" x="352" y="68"/> 
</attribute>
</object>
<object framespan="2330:2532" id="5" name="AbandonedObject">
<attribute name="BoundingBox">
<data:bbox height="12" width="9" x="559" y="264"/> 
</attribute>
</object>
<object framespan="2380:2600" id="6" name="AbandonedObject">
<attribute name="BoundingBox">
<data:bbox height="30" width="21" x="550" y="200"/> 
</attribute>
</object>
<object framespan="2531:2736" id="9" name="AbandonedObject">
<attribute name="BoundingBox">
<data:bbox height="6" width="11" x="483" y="335"/> 
</attribute>
</object>
<object framespan="2531:2737" id="8" name="AbandonedObject">
<attribute name="BoundingBox">
<data:bbox height="24" width="26" x="469" y="313"/> 
</attribute>
</object>
<object framespan="2532:2738" id="10" name="AbandonedObject">
<attribute name="BoundingBox">
<data:bbox height="12" width="23" x="480" y="254"/> 
</attribute>
</object>
<object framespan="2250:2751" id="4" name="AbandonedObject">
<attribute name="BoundingBox">
<data:bbox height="91" width="17" x="506" y="64"/> 
</attribute>
</object>
<object framespan="2629:2834" id="11" name="AbandonedObject">
<attribute name="BoundingBox">
<data:bbox height="31" width="10" x="575" y="94"/> 
</attribute>
</object>
<object framespan="2637:2840" id="12" name="AbandonedObject">
<attribute name="BoundingBox">
<data:bbox height="27" width="17" x="503" y="188"/> 
</attribute>
</object>
<object framespan="3292:3496" id="18" name="AbandonedObject">
<attribute name="BoundingBox">
<data:bbox height="17" width="8" x="304" y="126"/> 
</attribute>
</object>
<object framespan="3560:3767" id="20" name="AbandonedObject">
<attribute name="BoundingBox">
<data:bbox height="20" width="12" x="600" y="316"/> 
</attribute>
</object>
<object framespan="3547:3787" id="19" name="AbandonedObject">
<attribute name="BoundingBox">
<data:bbox height="9" width="10" x="574" y="256"/> 
</attribute>
</object>
<object framespan="3847:4155" id="23" name="AbandonedObject">
<attribute name="BoundingBox">
<data:bbox height="32" width="21" x="116" y="231"/> 
</attribute>
</object>
<object framespan="5173:5313" id="30" name="AbandonedObject">
<attribute name="BoundingBox">
<data:bbox height="13" width="8" x="576" y="123"/> 
</attribute>
</object>
</sourcefile>
</data>
</viper>
