<?xml version="1.0" encoding="UTF-8" ?>
<viper xmlns="http://lamp.cfar.umd.edu/viper#" xmlns:data="http://lamp.cfar.umd.edu/viperdata#">
<config>
<descriptor name="Information" type="FILE">
<attribute dynamic="false" name="SOURCETYPE" type="http://lamp.cfar.umd.edu/viperdata#lvalue">
<data:lvalue-possibles>
<data:lvalue-enum value="SEQUENCE" /> 
<data:lvalue-enum value="FRAMES" /> 
</data:lvalue-possibles>
</attribute>
<attribute dynamic="false" name="NUMFRAMES" type="http://lamp.cfar.umd.edu/viperdata#dvalue" /> 
<attribute dynamic="false" name="FRAMERATE" type="http://lamp.cfar.umd.edu/viperdata#fvalue" /> 
<attribute dynamic="false" name="H-FRAME-SIZE" type="http://lamp.cfar.umd.edu/viperdata#dvalue" /> 
<attribute dynamic="false" name="V-FRAME-SIZE" type="http://lamp.cfar.umd.edu/viperdata#dvalue" /> 
</descriptor>
<descriptor name="PutObject" type="OBJECT">
<attribute dynamic="false" name="BoundingBox" type="http://lamp.cfar.umd.edu/viperdata#bbox" /> 
</descriptor>
<descriptor name="AbandonedObject" type="OBJECT">
<attribute dynamic="false" name="BoundingBox" type="http://lamp.cfar.umd.edu/viperdata#bbox" /> 
</descriptor>
<descriptor name="StolenObject" type="OBJECT">
<attribute dynamic="false" name="BoundingBox" type="http://lamp.cfar.umd.edu/viperdata#bbox" /> 
</descriptor>
</config>
<data>
<sourcefile filename="">
<file id="0" name="Information">
<attribute name="SOURCETYPE"> 
<data:lvalue value="SEQUENCE"/> 
</attribute>
<attribute name="NUMFRAMES">
<data:dvalue value="3024" /> 
</attribute>
<attribute name="FRAMERATE">
<data:fvalue value="30.0" /> 
</attribute>
<attribute name="H-FRAME-SIZE" > 
<data:dvalue value="720" /> 
</attribute>
<attribute name="V-FRAME-SIZE" > 
<data:dvalue value="576" /> 
</attribute>
</file>
<object framespan="2427:2709" id="13" name="AbandonedObject">
<attribute name="BoundingBox">
<data:bbox height="8" width="8" x="568" y="128"/> 
</attribute>
</object>
<object framespan="845:1068" id="0" name="AbandonedObject">
<attribute name="BoundingBox">
<data:bbox height="23" width="11" x="381" y="151"/> 
</attribute>
</object>
<object framespan="857:1071" id="1" name="AbandonedObject">
<attribute name="BoundingBox">
<data:bbox height="6" width="9" x="60" y="238"/> 
</attribute>
</object>
<object framespan="881:1123" id="2" name="AbandonedObject">
<attribute name="BoundingBox">
<data:bbox height="29" width="41" x="10" y="232"/> 
</attribute>
</object>
<object framespan="1033:1236" id="3" name="AbandonedObject">
<attribute name="BoundingBox">
<data:bbox height="7" width="22" x="50" y="252"/> 
</attribute>
</object>
<object framespan="1259:1480" id="6" name="AbandonedObject">
<attribute name="BoundingBox">
<data:bbox height="7" width="9" x="50" y="227"/> 
</attribute>
</object>
<object framespan="1974:2208" id="9" name="AbandonedObject">
<attribute name="BoundingBox">
<data:bbox height="13" width="13" x="352" y="155"/> 
</attribute>
</object>
<object framespan="2872:3026" id="14" name="AbandonedObject">
<attribute name="BoundingBox">
<data:bbox height="31" width="27" x="525" y="193"/> 
</attribute>
</object>
</sourcefile>
</data>
</viper>
