<?xml version="1.0" encoding="UTF-8" ?>
<viper xmlns="http://lamp.cfar.umd.edu/viper#" xmlns:data="http://lamp.cfar.umd.edu/viperdata#">
<config>
<descriptor name="Information" type="FILE">
<attribute dynamic="false" name="SOURCETYPE" type="http://lamp.cfar.umd.edu/viperdata#lvalue">
<data:lvalue-possibles>
<data:lvalue-enum value="SEQUENCE" /> 
<data:lvalue-enum value="FRAMES" /> 
</data:lvalue-possibles>
</attribute>
<attribute dynamic="false" name="NUMFRAMES" type="http://lamp.cfar.umd.edu/viperdata#dvalue" /> 
<attribute dynamic="false" name="FRAMERATE" type="http://lamp.cfar.umd.edu/viperdata#fvalue" /> 
<attribute dynamic="false" name="H-FRAME-SIZE" type="http://lamp.cfar.umd.edu/viperdata#dvalue" /> 
<attribute dynamic="false" name="V-FRAME-SIZE" type="http://lamp.cfar.umd.edu/viperdata#dvalue" /> 
</descriptor>
<descriptor name="PutObject" type="OBJECT">
<attribute dynamic="false" name="BoundingBox" type="http://lamp.cfar.umd.edu/viperdata#bbox" /> 
</descriptor>
<descriptor name="AbandonedObject" type="OBJECT">
<attribute dynamic="false" name="BoundingBox" type="http://lamp.cfar.umd.edu/viperdata#bbox" /> 
</descriptor>
<descriptor name="StolenObject" type="OBJECT">
<attribute dynamic="false" name="BoundingBox" type="http://lamp.cfar.umd.edu/viperdata#bbox" /> 
</descriptor>
</config>
<data>
<sourcefile filename="">
<file id="0" name="Information">
<attribute name="SOURCETYPE"> 
<data:lvalue value="SEQUENCE"/> 
</attribute>
<attribute name="NUMFRAMES">
<data:dvalue value="5474" /> 
</attribute>
<attribute name="FRAMERATE">
<data:fvalue value="30.0" /> 
</attribute>
<attribute name="H-FRAME-SIZE" > 
<data:dvalue value="720" /> 
</attribute>
<attribute name="V-FRAME-SIZE" > 
<data:dvalue value="576" /> 
</attribute>
</file>
<object framespan="4080:4363" id="9" name="AbandonedObject">
<attribute name="BoundingBox">
<data:bbox height="22" width="28" x="76" y="378"/> 
</attribute>
</object>
<object framespan="1372:1625" id="0" name="AbandonedObject">
<attribute name="BoundingBox">
<data:bbox height="34" width="35" x="101" y="227"/> 
</attribute>
</object>
<object framespan="1743:1954" id="2" name="AbandonedObject">
<attribute name="BoundingBox">
<data:bbox height="38" width="24" x="43" y="323"/> 
</attribute>
</object>
<object framespan="1757:1960" id="3" name="AbandonedObject">
<attribute name="BoundingBox">
<data:bbox height="19" width="39" x="83" y="284"/> 
</attribute>
</object>
<object framespan="1993:2435" id="4" name="AbandonedObject">
<attribute name="BoundingBox">
<data:bbox height="189" width="116" x="43" y="213"/> 
</attribute>
</object>
<object framespan="4080:4289" id="8" name="AbandonedObject">
<attribute name="BoundingBox">
<data:bbox height="18" width="22" x="99" y="301"/> 
</attribute>
</object>
</sourcefile>
</data>
</viper>
