<?xml version="1.0" encoding="UTF-8" ?>
<viper xmlns="http://lamp.cfar.umd.edu/viper#" xmlns:data="http://lamp.cfar.umd.edu/viperdata#">
<config>
<descriptor name="Information" type="FILE">
<attribute dynamic="false" name="SOURCETYPE" type="http://lamp.cfar.umd.edu/viperdata#lvalue">
<data:lvalue-possibles>
<data:lvalue-enum value="SEQUENCE" /> 
<data:lvalue-enum value="FRAMES" /> 
</data:lvalue-possibles>
</attribute>
<attribute dynamic="false" name="NUMFRAMES" type="http://lamp.cfar.umd.edu/viperdata#dvalue" /> 
<attribute dynamic="false" name="FRAMERATE" type="http://lamp.cfar.umd.edu/viperdata#fvalue" /> 
<attribute dynamic="false" name="H-FRAME-SIZE" type="http://lamp.cfar.umd.edu/viperdata#dvalue" /> 
<attribute dynamic="false" name="V-FRAME-SIZE" type="http://lamp.cfar.umd.edu/viperdata#dvalue" /> 
</descriptor>
<descriptor name="PutObject" type="OBJECT">
<attribute dynamic="false" name="BoundingBox" type="http://lamp.cfar.umd.edu/viperdata#bbox" /> 
</descriptor>
<descriptor name="AbandonedObject" type="OBJECT">
<attribute dynamic="false" name="BoundingBox" type="http://lamp.cfar.umd.edu/viperdata#bbox" /> 
</descriptor>
<descriptor name="StolenObject" type="OBJECT">
<attribute dynamic="false" name="BoundingBox" type="http://lamp.cfar.umd.edu/viperdata#bbox" /> 
</descriptor>
</config>
<data>
<sourcefile filename="">
<file id="0" name="Information">
<attribute name="SOURCETYPE"> 
<data:lvalue value="SEQUENCE"/> 
</attribute>
<attribute name="NUMFRAMES">
<data:dvalue value="2755" /> 
</attribute>
<attribute name="FRAMERATE">
<data:fvalue value="25.0" /> 
</attribute>
<attribute name="H-FRAME-SIZE" > 
<data:dvalue value="320" /> 
</attribute>
<attribute name="V-FRAME-SIZE" > 
<data:dvalue value="256" /> 
</attribute>
</file>
<object framespan="1473:2311" id="4" name="AbandonedObject">
<attribute name="BoundingBox">
<data:bbox height="17" width="15" x="125" y="190"/> 
</attribute>
</object>
<object framespan="1413:1616" id="4" name="AbandonedObject">
<attribute name="BoundingBox">
<data:bbox height="10" width="16" x="85" y="160"/> 
</attribute>
</object>
<object framespan="1421:1624" id="2" name="AbandonedObject">
<attribute name="BoundingBox">
<data:bbox height="15" width="27" x="50" y="182"/> 
</attribute>
</object>
<object framespan="1571:1777" id="7" name="AbandonedObject">
<attribute name="BoundingBox">
<data:bbox height="15" width="16" x="81" y="174"/> 
</attribute>
</object>
<object framespan="1570:1782" id="6" name="AbandonedObject">
<attribute name="BoundingBox">
<data:bbox height="9" width="10" x="178" y="72"/> 
</attribute>
</object>
<object framespan="1455:2128" id="3" name="AbandonedObject">
<attribute name="BoundingBox">
<data:bbox height="10" width="11" x="62" y="197"/> 
</attribute>
</object>
</sourcefile>
</data>
</viper>
