<?xml version="1.0" encoding="UTF-8" ?>
<viper xmlns="http://lamp.cfar.umd.edu/viper#" xmlns:data="http://lamp.cfar.umd.edu/viperdata#">
<config>
<descriptor name="Information" type="FILE">
<attribute dynamic="false" name="SOURCETYPE" type="http://lamp.cfar.umd.edu/viperdata#lvalue">
<data:lvalue-possibles>
<data:lvalue-enum value="SEQUENCE" /> 
<data:lvalue-enum value="FRAMES" /> 
</data:lvalue-possibles>
</attribute>
<attribute dynamic="false" name="NUMFRAMES" type="http://lamp.cfar.umd.edu/viperdata#dvalue" /> 
<attribute dynamic="false" name="FRAMERATE" type="http://lamp.cfar.umd.edu/viperdata#fvalue" /> 
<attribute dynamic="false" name="H-FRAME-SIZE" type="http://lamp.cfar.umd.edu/viperdata#dvalue" /> 
<attribute dynamic="false" name="V-FRAME-SIZE" type="http://lamp.cfar.umd.edu/viperdata#dvalue" /> 
</descriptor>
<descriptor name="PutObject" type="OBJECT">
<attribute dynamic="false" name="BoundingBox" type="http://lamp.cfar.umd.edu/viperdata#bbox" /> 
</descriptor>
<descriptor name="AbandonedObject" type="OBJECT">
<attribute dynamic="false" name="BoundingBox" type="http://lamp.cfar.umd.edu/viperdata#bbox" /> 
</descriptor>
<descriptor name="StolenObject" type="OBJECT">
<attribute dynamic="false" name="BoundingBox" type="http://lamp.cfar.umd.edu/viperdata#bbox" /> 
</descriptor>
</config>
<data>
<sourcefile filename="">
<file id="0" name="Information">
<attribute name="SOURCETYPE"> 
<data:lvalue value="SEQUENCE"/> 
</attribute>
<attribute name="NUMFRAMES">
<data:dvalue value="5311" /> 
</attribute>
<attribute name="FRAMERATE">
<data:fvalue value="25.0" /> 
</attribute>
<attribute name="H-FRAME-SIZE" > 
<data:dvalue value="720" /> 
</attribute>
<attribute name="V-FRAME-SIZE" > 
<data:dvalue value="576" /> 
</attribute>
</file>
<object framespan="3850:4072" id="8" name="AbandonedObject">
<attribute name="BoundingBox">
<data:bbox height="34" width="41" x="571" y="308"/> 
</attribute>
</object>
<object framespan="2330:2539" id="0" name="AbandonedObject">
<attribute name="BoundingBox">
<data:bbox height="145" width="114" x="492" y="272"/> 
</attribute>
</object>
<object framespan="2773:2986" id="1" name="AbandonedObject">
<attribute name="BoundingBox">
<data:bbox height="94" width="51" x="525" y="200"/> 
</attribute>
</object>
<object framespan="2941:3150" id="3" name="AbandonedObject">
<attribute name="BoundingBox">
<data:bbox height="45" width="27" x="475" y="282"/> 
</attribute>
</object>
<object framespan="3858:4066" id="9" name="AbandonedObject">
<attribute name="BoundingBox">
<data:bbox height="33" width="32" x="543" y="295"/> 
</attribute>
</object>
<object framespan="4140:4346" id="10" name="AbandonedObject">
<attribute name="BoundingBox">
<data:bbox height="47" width="40" x="112" y="210"/> 
</attribute>
</object>
</sourcefile>
</data>
</viper>
