<?xml version="1.0" encoding="UTF-8" ?>
<viper xmlns="http://lamp.cfar.umd.edu/viper#" xmlns:data="http://lamp.cfar.umd.edu/viperdata#">
<config>
<descriptor name="Information" type="FILE">
<attribute dynamic="false" name="SOURCETYPE" type="http://lamp.cfar.umd.edu/viperdata#lvalue">
<data:lvalue-possibles>
<data:lvalue-enum value="SEQUENCE" /> 
<data:lvalue-enum value="FRAMES" /> 
</data:lvalue-possibles>
</attribute>
<attribute dynamic="false" name="NUMFRAMES" type="http://lamp.cfar.umd.edu/viperdata#dvalue" /> 
<attribute dynamic="false" name="FRAMERATE" type="http://lamp.cfar.umd.edu/viperdata#fvalue" /> 
<attribute dynamic="false" name="H-FRAME-SIZE" type="http://lamp.cfar.umd.edu/viperdata#dvalue" /> 
<attribute dynamic="false" name="V-FRAME-SIZE" type="http://lamp.cfar.umd.edu/viperdata#dvalue" /> 
</descriptor>
<descriptor name="PutObject" type="OBJECT">
<attribute dynamic="false" name="BoundingBox" type="http://lamp.cfar.umd.edu/viperdata#bbox" /> 
</descriptor>
<descriptor name="AbandonedObject" type="OBJECT">
<attribute dynamic="false" name="BoundingBox" type="http://lamp.cfar.umd.edu/viperdata#bbox" /> 
</descriptor>
<descriptor name="StolenObject" type="OBJECT">
<attribute dynamic="false" name="BoundingBox" type="http://lamp.cfar.umd.edu/viperdata#bbox" /> 
</descriptor>
</config>
<data>
<sourcefile filename="">
<file id="0" name="Information">
<attribute name="SOURCETYPE"> 
<data:lvalue value="SEQUENCE"/> 
</attribute>
<attribute name="NUMFRAMES">
<data:dvalue value="5311" /> 
</attribute>
<attribute name="FRAMERATE">
<data:fvalue value="25.0" /> 
</attribute>
<attribute name="H-FRAME-SIZE" > 
<data:dvalue value="720" /> 
</attribute>
<attribute name="V-FRAME-SIZE" > 
<data:dvalue value="576" /> 
</attribute>
</file>
<object framespan="3560:3776" id="12" name="AbandonedObject">
<attribute name="BoundingBox">
<data:bbox height="22" width="26" x="521" y="320"/> 
</attribute>
</object>
<object framespan="2123:2490" id="0" name="AbandonedObject">
<attribute name="BoundingBox">
<data:bbox height="51" width="24" x="352" y="91"/> 
</attribute>
</object>
<object framespan="2330:2542" id="1" name="AbandonedObject">
<attribute name="BoundingBox">
<data:bbox height="148" width="114" x="492" y="270"/> 
</attribute>
</object>
<object framespan="2529:2737" id="2" name="AbandonedObject">
<attribute name="BoundingBox">
<data:bbox height="53" width="36" x="475" y="275"/> 
</attribute>
</object>
<object framespan="2637:2855" id="3" name="AbandonedObject">
<attribute name="BoundingBox">
<data:bbox height="68" width="35" x="525" y="226"/> 
</attribute>
</object>
<object framespan="3454:3656" id="8" name="AbandonedObject">
<attribute name="BoundingBox">
<data:bbox height="24" width="23" x="558" y="265"/> 
</attribute>
</object>
<object framespan="3454:3656" id="10" name="AbandonedObject">
<attribute name="BoundingBox">
<data:bbox height="42" width="39" x="573" y="306"/> 
</attribute>
</object>
</sourcefile>
</data>
</viper>
