<?xml version="1.0" encoding="UTF-8" ?>
<viper xmlns="http://lamp.cfar.umd.edu/viper#" xmlns:data="http://lamp.cfar.umd.edu/viperdata#">
<config>
<descriptor name="Information" type="FILE">
<attribute dynamic="false" name="SOURCETYPE" type="http://lamp.cfar.umd.edu/viperdata#lvalue">
<data:lvalue-possibles>
<data:lvalue-enum value="SEQUENCE" /> 
<data:lvalue-enum value="FRAMES" /> 
</data:lvalue-possibles>
</attribute>
<attribute dynamic="false" name="NUMFRAMES" type="http://lamp.cfar.umd.edu/viperdata#dvalue" /> 
<attribute dynamic="false" name="FRAMERATE" type="http://lamp.cfar.umd.edu/viperdata#fvalue" /> 
<attribute dynamic="false" name="H-FRAME-SIZE" type="http://lamp.cfar.umd.edu/viperdata#dvalue" /> 
<attribute dynamic="false" name="V-FRAME-SIZE" type="http://lamp.cfar.umd.edu/viperdata#dvalue" /> 
</descriptor>
<descriptor name="PutObject" type="OBJECT">
<attribute dynamic="false" name="BoundingBox" type="http://lamp.cfar.umd.edu/viperdata#bbox" /> 
</descriptor>
<descriptor name="AbandonedObject" type="OBJECT">
<attribute dynamic="false" name="BoundingBox" type="http://lamp.cfar.umd.edu/viperdata#bbox" /> 
</descriptor>
<descriptor name="StolenObject" type="OBJECT">
<attribute dynamic="false" name="BoundingBox" type="http://lamp.cfar.umd.edu/viperdata#bbox" /> 
</descriptor>
</config>
<data>
<sourcefile filename="">
<file id="0" name="Information">
<attribute name="SOURCETYPE"> 
<data:lvalue value="SEQUENCE"/> 
</attribute>
<attribute name="NUMFRAMES">
<data:dvalue value="5311" /> 
</attribute>
<attribute name="FRAMERATE">
<data:fvalue value="25.0" /> 
</attribute>
<attribute name="H-FRAME-SIZE" > 
<data:dvalue value="720" /> 
</attribute>
<attribute name="V-FRAME-SIZE" > 
<data:dvalue value="576" /> 
</attribute>
</file>
<object framespan="3524:3780" id="10" name="AbandonedObject">
<attribute name="BoundingBox">
<data:bbox height="141" width="120" x="492" y="277"/> 
</attribute>
</object>
<object framespan="2508:2727" id="3" name="AbandonedObject">
<attribute name="BoundingBox">
<data:bbox height="23" width="31" x="495" y="394"/> 
</attribute>
</object>
<object framespan="2767:2986" id="6" name="AbandonedObject">
<attribute name="BoundingBox">
<data:bbox height="87" width="47" x="529" y="202"/> 
</attribute>
</object>
</sourcefile>
</data>
</viper>
