<?xml version="1.0" encoding="UTF-8" ?>
<viper xmlns="http://lamp.cfar.umd.edu/viper#" xmlns:data="http://lamp.cfar.umd.edu/viperdata#">
<config>
<descriptor name="Information" type="FILE">
<attribute dynamic="false" name="SOURCETYPE" type="http://lamp.cfar.umd.edu/viperdata#lvalue">
<data:lvalue-possibles>
<data:lvalue-enum value="SEQUENCE" /> 
<data:lvalue-enum value="FRAMES" /> 
</data:lvalue-possibles>
</attribute>
<attribute dynamic="false" name="NUMFRAMES" type="http://lamp.cfar.umd.edu/viperdata#dvalue" /> 
<attribute dynamic="false" name="FRAMERATE" type="http://lamp.cfar.umd.edu/viperdata#fvalue" /> 
<attribute dynamic="false" name="H-FRAME-SIZE" type="http://lamp.cfar.umd.edu/viperdata#dvalue" /> 
<attribute dynamic="false" name="V-FRAME-SIZE" type="http://lamp.cfar.umd.edu/viperdata#dvalue" /> 
</descriptor>
<descriptor name="PutObject" type="OBJECT">
<attribute dynamic="false" name="BoundingBox" type="http://lamp.cfar.umd.edu/viperdata#bbox" /> 
</descriptor>
<descriptor name="AbandonedObject" type="OBJECT">
<attribute dynamic="false" name="BoundingBox" type="http://lamp.cfar.umd.edu/viperdata#bbox" /> 
</descriptor>
<descriptor name="StolenObject" type="OBJECT">
<attribute dynamic="false" name="BoundingBox" type="http://lamp.cfar.umd.edu/viperdata#bbox" /> 
</descriptor>
</config>
<data>
<sourcefile filename="">
<file id="0" name="Information">
<attribute name="SOURCETYPE"> 
<data:lvalue value="SEQUENCE"/> 
</attribute>
<attribute name="NUMFRAMES">
<data:dvalue value="5474" /> 
</attribute>
<attribute name="FRAMERATE">
<data:fvalue value="30.0" /> 
</attribute>
<attribute name="H-FRAME-SIZE" > 
<data:dvalue value="720" /> 
</attribute>
<attribute name="V-FRAME-SIZE" > 
<data:dvalue value="576" /> 
</attribute>
</file>
<object framespan="4333:4547" id="16" name="AbandonedObject">
<attribute name="BoundingBox">
<data:bbox height="15" width="16" x="129" y="310"/> 
</attribute>
</object>
<object framespan="1764:1974" id="1" name="AbandonedObject">
<attribute name="BoundingBox">
<data:bbox height="10" width="15" x="53" y="287"/> 
</attribute>
</object>
<object framespan="1774:2228" id="1" name="AbandonedObject">
<attribute name="BoundingBox">
<data:bbox height="145" width="77" x="43" y="252"/> 
</attribute>
</object>
<object framespan="2365:2710" id="3" name="AbandonedObject">
<attribute name="BoundingBox">
<data:bbox height="9" width="11" x="71" y="375"/> 
</attribute>
</object>
<object framespan="3134:3411" id="6" name="AbandonedObject">
<attribute name="BoundingBox">
<data:bbox height="32" width="11" x="329" y="90"/> 
</attribute>
</object>
<object framespan="3579:3781" id="9" name="AbandonedObject">
<attribute name="BoundingBox">
<data:bbox height="21" width="10" x="71" y="353"/> 
</attribute>
</object>
<object framespan="3602:3808" id="10" name="AbandonedObject">
<attribute name="BoundingBox">
<data:bbox height="11" width="23" x="66" y="272"/> 
</attribute>
</object>
<object framespan="3579:3921" id="8" name="AbandonedObject">
<attribute name="BoundingBox">
<data:bbox height="21" width="46" x="88" y="251"/> 
</attribute>
</object>
<object framespan="3665:4085" id="11" name="AbandonedObject">
<attribute name="BoundingBox">
<data:bbox height="8" width="8" x="136" y="291"/> 
</attribute>
</object>
<object framespan="3956:4172" id="13" name="AbandonedObject">
<attribute name="BoundingBox">
<data:bbox height="6" width="8" x="136" y="301"/> 
</attribute>
</object>
<object framespan="3990:4192" id="15" name="AbandonedObject">
<attribute name="BoundingBox">
<data:bbox height="10" width="26" x="125" y="382"/> 
</attribute>
</object>
<object framespan="3990:4193" id="14" name="AbandonedObject">
<attribute name="BoundingBox">
<data:bbox height="15" width="23" x="128" y="366"/> 
</attribute>
</object>
<object framespan="4309:4517" id="15" name="AbandonedObject">
<attribute name="BoundingBox">
<data:bbox height="23" width="23" x="104" y="352"/> 
</attribute>
</object>
<object framespan="4337:4539" id="18" name="AbandonedObject">
<attribute name="BoundingBox">
<data:bbox height="6" width="9" x="126" y="359"/> 
</attribute>
</object>
</sourcefile>
</data>
</viper>
