<?xml version="1.0" encoding="UTF-8" ?>
<viper xmlns="http://lamp.cfar.umd.edu/viper#" xmlns:data="http://lamp.cfar.umd.edu/viperdata#">
<config>
<descriptor name="Information" type="FILE">
<attribute dynamic="false" name="SOURCETYPE" type="http://lamp.cfar.umd.edu/viperdata#lvalue">
<data:lvalue-possibles>
<data:lvalue-enum value="SEQUENCE" /> 
<data:lvalue-enum value="FRAMES" /> 
</data:lvalue-possibles>
</attribute>
<attribute dynamic="false" name="NUMFRAMES" type="http://lamp.cfar.umd.edu/viperdata#dvalue" /> 
<attribute dynamic="false" name="FRAMERATE" type="http://lamp.cfar.umd.edu/viperdata#fvalue" /> 
<attribute dynamic="false" name="H-FRAME-SIZE" type="http://lamp.cfar.umd.edu/viperdata#dvalue" /> 
<attribute dynamic="false" name="V-FRAME-SIZE" type="http://lamp.cfar.umd.edu/viperdata#dvalue" /> 
</descriptor>
<descriptor name="PutObject" type="OBJECT">
<attribute dynamic="false" name="BoundingBox" type="http://lamp.cfar.umd.edu/viperdata#bbox" /> 
</descriptor>
<descriptor name="AbandonedObject" type="OBJECT">
<attribute dynamic="false" name="BoundingBox" type="http://lamp.cfar.umd.edu/viperdata#bbox" /> 
</descriptor>
<descriptor name="StolenObject" type="OBJECT">
<attribute dynamic="false" name="BoundingBox" type="http://lamp.cfar.umd.edu/viperdata#bbox" /> 
</descriptor>
</config>
<data>
<sourcefile filename="">
<file id="0" name="Information">
<attribute name="SOURCETYPE"> 
<data:lvalue value="SEQUENCE"/> 
</attribute>
<attribute name="NUMFRAMES">
<data:dvalue value="3330" /> 
</attribute>
<attribute name="FRAMERATE">
<data:fvalue value="25.0" /> 
</attribute>
<attribute name="H-FRAME-SIZE" > 
<data:dvalue value="320" /> 
</attribute>
<attribute name="V-FRAME-SIZE" > 
<data:dvalue value="256" /> 
</attribute>
</file>
<object framespan="1586:2998" id="2" name="AbandonedObject">
<attribute name="BoundingBox">
<data:bbox height="23" width="33" x="117" y="85"/> 
</attribute>
</object>
<object framespan="1582:1786" id="1" name="AbandonedObject">
<attribute name="BoundingBox">
<data:bbox height="8" width="7" x="123" y="93"/> 
</attribute>
</object>
<object framespan="1584:2006" id="2" name="AbandonedObject">
<attribute name="BoundingBox">
<data:bbox height="22" width="22" x="99" y="182"/> 
</attribute>
</object>
</sourcefile>
</data>
</viper>
