<?xml version="1.0" encoding="UTF-8" ?>
<viper xmlns="http://lamp.cfar.umd.edu/viper#" xmlns:data="http://lamp.cfar.umd.edu/viperdata#">
<config>
<descriptor name="Information" type="FILE">
<attribute dynamic="false" name="SOURCETYPE" type="http://lamp.cfar.umd.edu/viperdata#lvalue">
<data:lvalue-possibles>
<data:lvalue-enum value="SEQUENCE" /> 
<data:lvalue-enum value="FRAMES" /> 
</data:lvalue-possibles>
</attribute>
<attribute dynamic="false" name="NUMFRAMES" type="http://lamp.cfar.umd.edu/viperdata#dvalue" /> 
<attribute dynamic="false" name="FRAMERATE" type="http://lamp.cfar.umd.edu/viperdata#fvalue" /> 
<attribute dynamic="false" name="H-FRAME-SIZE" type="http://lamp.cfar.umd.edu/viperdata#dvalue" /> 
<attribute dynamic="false" name="V-FRAME-SIZE" type="http://lamp.cfar.umd.edu/viperdata#dvalue" /> 
</descriptor>
<descriptor name="PutObject" type="OBJECT">
<attribute dynamic="false" name="BoundingBox" type="http://lamp.cfar.umd.edu/viperdata#bbox" /> 
</descriptor>
<descriptor name="AbandonedObject" type="OBJECT">
<attribute dynamic="false" name="BoundingBox" type="http://lamp.cfar.umd.edu/viperdata#bbox" /> 
</descriptor>
<descriptor name="StolenObject" type="OBJECT">
<attribute dynamic="false" name="BoundingBox" type="http://lamp.cfar.umd.edu/viperdata#bbox" /> 
</descriptor>
</config>
<data>
<sourcefile filename="">
<file id="0" name="Information">
<attribute name="SOURCETYPE"> 
<data:lvalue value="SEQUENCE"/> 
</attribute>
<attribute name="NUMFRAMES">
<data:dvalue value="3051" /> 
</attribute>
<attribute name="FRAMERATE">
<data:fvalue value="30.0" /> 
</attribute>
<attribute name="H-FRAME-SIZE" > 
<data:dvalue value="720" /> 
</attribute>
<attribute name="V-FRAME-SIZE" > 
<data:dvalue value="576" /> 
</attribute>
</file>
<object framespan="2779:2984" id="11" name="AbandonedObject">
<attribute name="BoundingBox">
<data:bbox height="13" width="9" x="316" y="168"/> 
</attribute>
</object>
<object framespan="1469:1672" id="1" name="AbandonedObject">
<attribute name="BoundingBox">
<data:bbox height="12" width="9" x="88" y="225"/> 
</attribute>
</object>
<object framespan="1839:2054" id="3" name="AbandonedObject">
<attribute name="BoundingBox">
<data:bbox height="42" width="17" x="495" y="134"/> 
</attribute>
</object>
<object framespan="1813:2069" id="2" name="AbandonedObject">
<attribute name="BoundingBox">
<data:bbox height="138" width="26" x="486" y="190"/> 
</attribute>
</object>
<object framespan="1952:2357" id="4" name="AbandonedObject">
<attribute name="BoundingBox">
<data:bbox height="18" width="9" x="701" y="30"/> 
</attribute>
</object>
<object framespan="2408:2617" id="8" name="AbandonedObject">
<attribute name="BoundingBox">
<data:bbox height="7" width="9" x="494" y="162"/> 
</attribute>
</object>
</sourcefile>
</data>
</viper>
