<?xml version="1.0" encoding="UTF-8" ?>
<viper xmlns="http://lamp.cfar.umd.edu/viper#" xmlns:data="http://lamp.cfar.umd.edu/viperdata#">
<config>
<descriptor name="Information" type="FILE">
<attribute dynamic="false" name="SOURCETYPE" type="http://lamp.cfar.umd.edu/viperdata#lvalue">
<data:lvalue-possibles>
<data:lvalue-enum value="SEQUENCE" /> 
<data:lvalue-enum value="FRAMES" /> 
</data:lvalue-possibles>
</attribute>
<attribute dynamic="false" name="NUMFRAMES" type="http://lamp.cfar.umd.edu/viperdata#dvalue" /> 
<attribute dynamic="false" name="FRAMERATE" type="http://lamp.cfar.umd.edu/viperdata#fvalue" /> 
<attribute dynamic="false" name="H-FRAME-SIZE" type="http://lamp.cfar.umd.edu/viperdata#dvalue" /> 
<attribute dynamic="false" name="V-FRAME-SIZE" type="http://lamp.cfar.umd.edu/viperdata#dvalue" /> 
</descriptor>
<descriptor name="PutObject" type="OBJECT">
<attribute dynamic="false" name="BoundingBox" type="http://lamp.cfar.umd.edu/viperdata#bbox" /> 
</descriptor>
<descriptor name="AbandonedObject" type="OBJECT">
<attribute dynamic="false" name="BoundingBox" type="http://lamp.cfar.umd.edu/viperdata#bbox" /> 
</descriptor>
<descriptor name="StolenObject" type="OBJECT">
<attribute dynamic="false" name="BoundingBox" type="http://lamp.cfar.umd.edu/viperdata#bbox" /> 
</descriptor>
</config>
<data>
<sourcefile filename="">
<file id="0" name="Information">
<attribute name="SOURCETYPE"> 
<data:lvalue value="SEQUENCE"/> 
</attribute>
<attribute name="NUMFRAMES">
<data:dvalue value="4834" /> 
</attribute>
<attribute name="FRAMERATE">
<data:fvalue value="30.0" /> 
</attribute>
<attribute name="H-FRAME-SIZE" > 
<data:dvalue value="720" /> 
</attribute>
<attribute name="V-FRAME-SIZE" > 
<data:dvalue value="576" /> 
</attribute>
</file>
<object framespan="4306:4522" id="13" name="AbandonedObject">
<attribute name="BoundingBox">
<data:bbox height="10" width="16" x="423" y="265"/> 
</attribute>
</object>
<object framespan="1080:1282" id="0" name="AbandonedObject">
<attribute name="BoundingBox">
<data:bbox height="8" width="11" x="368" y="155"/> 
</attribute>
</object>
<object framespan="1348:1550" id="1" name="AbandonedObject">
<attribute name="BoundingBox">
<data:bbox height="6" width="9" x="369" y="103"/> 
</attribute>
</object>
<object framespan="1348:1551" id="2" name="AbandonedObject">
<attribute name="BoundingBox">
<data:bbox height="101" width="25" x="394" y="139"/> 
</attribute>
</object>
<object framespan="1772:2008" id="3" name="AbandonedObject">
<attribute name="BoundingBox">
<data:bbox height="19" width="11" x="400" y="237"/> 
</attribute>
</object>
<object framespan="1791:2028" id="4" name="AbandonedObject">
<attribute name="BoundingBox">
<data:bbox height="22" width="19" x="623" y="409"/> 
</attribute>
</object>
<object framespan="2000:2213" id="7" name="AbandonedObject">
<attribute name="BoundingBox">
<data:bbox height="35" width="44" x="629" y="461"/> 
</attribute>
</object>
<object framespan="2021:2227" id="8" name="AbandonedObject">
<attribute name="BoundingBox">
<data:bbox height="8" width="9" x="662" y="518"/> 
</attribute>
</object>
<object framespan="2044:2250" id="9" name="AbandonedObject">
<attribute name="BoundingBox">
<data:bbox height="37" width="19" x="654" y="342"/> 
</attribute>
</object>
<object framespan="1937:2311" id="5" name="AbandonedObject">
<attribute name="BoundingBox">
<data:bbox height="23" width="36" x="306" y="149"/> 
</attribute>
</object>
<object framespan="2242:2515" id="10" name="AbandonedObject">
<attribute name="BoundingBox">
<data:bbox height="19" width="13" x="338" y="84"/> 
</attribute>
</object>
<object framespan="4690:4836" id="14" name="AbandonedObject">
<attribute name="BoundingBox">
<data:bbox height="10" width="9" x="481" y="314"/> 
</attribute>
</object>
</sourcefile>
</data>
</viper>
